image,xmin,ymin,xmax,ymax,label
Screenshot(17).png,679.1078228,139.139978,761.1621368,218.3400055,hard_flesh
Screenshot(17).png,1397.443365,149.219989,1442.069397,188.0999725,foreign_matter
Screenshot(17).png,1393.124671,569.6999725,1421.915673,607.1400055,foreign_matter
Screenshot(17).png,1495.332709,913.8600494,1535.640156,945.5400055,foreign_matter
Screenshot(17).png,605.6907875,568.2599945,643.1190692,601.3799835,foreign_matter
Screenshot(17).png,1063.467666,255.6,1099.45642,279,foreign_matter
Screenshot(17).png,884.963427,111.7799835,982.8528804,166.4999725,hard_flesh
Screenshot(17).png,1336.262484,989.4600494,1373.690766,1009.8,foreign_matter
Screenshot(16).png,994.3693255,532.2599945,1033.237135,555.2999725,foreign_matter
Screenshot(16).png,968.457379,576.8999725,1003.006604,602.8200165,foreign_matter
Screenshot(16).png,1087.940085,729.5400055,1126.807895,754.0199615,foreign_matter
Screenshot(16).png,1406.080644,608.5799835,1434.871647,631.6199615,foreign_matter
Screenshot(16).png,1519.805017,765.5400055,1552.914714,790.0199615,foreign_matter
Screenshot(16).png,1478.058151,1049.219962,1509.72821,1070.819962,foreign_matter
Screenshot(16).png,1161.35712,273.0599945,1191.587651,298.9799835,foreign_matter
Screenshot(16).png,1054.830387,206.8200165,1089.379613,225.5400055,foreign_matter
Screenshot(16).png,608.5698439,499.1400055,643.1190692,527.9400055,foreign_matter
Screenshot(16).png,552.4273664,728.1000275,591.2952861,761.2199615,foreign_matter
Screenshot(16).png,1794.759182,977.2199615,1835.06663,1006.019962,foreign_matter
Screenshot(16).png,1826.429241,807.3000275,1869.615745,837.5400055,foreign_matter
Screenshot(16).png,1161.35712,349.3799835,1198.785402,372.4200165,foreign_matter
Screenshot(16).png,650.3168199,376.7400055,705.0196594,406.9799835,foreign_matter
Screenshot(16).png,1584.584773,241.3799835,1659.441556,283.1400055,foreign_matter
Screenshot(16).png,1050.511693,386.8200165,1099.45642,430.0200165,hard_flesh
Screenshot(15).png,529.3945862,660.4199615,591.2952861,699.3000275,foreign_matter
Screenshot(15).png,288.9897017,919.6199615,336.4948454,964.2600494,foreign_matter
Screenshot(15).png,16.91473063,826.0199615,50.02437288,846.1799835,foreign_matter
Screenshot(15).png,538.031865,925.3799835,574.0206186,952.7400055,foreign_matter
Screenshot(15).png,879.2053143,424.2599945,926.710403,447.2999725,foreign_matter
Screenshot(15).png,872.0075636,179.4599945,899.3589284,203.9400055,foreign_matter
Screenshot(15).png,730.9316058,378.1799835,752.524858,401.2200165,foreign_matter
Screenshot(15).png,792.8323058,262.9799835,828.8210593,283.1400055,foreign_matter
Screenshot(15).png,892.1611777,273.0599945,923.8313466,298.9799835,foreign_matter
Screenshot(15).png,1676.716114,398.3400055,1721.342037,431.4599945,foreign_matter
Screenshot(14).png,795.7113622,226.9799835,821.6233086,270.1799835,foreign_matter
Screenshot(14).png,566.8228679,444.4200165,607.1303157,467.4599945,foreign_matter
Screenshot(14).png,568.262396,1017.540005,602.8116214,1034.819962,foreign_matter
Screenshot(14).png,812.9859199,646.0199615,834.579172,667.6199615,foreign_matter
Screenshot(14).png,956.940934,814.5000275,1001.567076,853.3799835,foreign_matter
Screenshot(14).png,1252.048713,532.2599945,1276.521131,552.4200165,foreign_matter
Screenshot(14).png,1138.32434,448.7400055,1167.115342,470.3400055,foreign_matter
Screenshot(14).png,345.1321792,405.5400055,385.4395721,431.4599945,foreign_matter
Screenshot(14).png,1617.69447,651.7799835,1682.474227,703.6199615,hard_flesh
Screenshot(13).png,263.0778102,738.1799835,293.3083411,761.2199615,foreign_matter
Screenshot(13).png,317.7807045,876.4199615,363.84632,900.9000275,foreign_matter
Screenshot(13).png,440.1424665,995.9400055,467.4939411,1021.860049,foreign_matter
Screenshot(13).png,183.9025524,1023.300027,215.5726665,1042.019962,foreign_matter
Screenshot(13).png,581.2183693,679.1400055,607.1303157,702.1799835,foreign_matter
Screenshot(13).png,1145.52209,800.1000275,1174.313093,823.1400055,foreign_matter
Screenshot(13).png,1175.752621,540.8999725,1203.104096,561.0599945,foreign_matter
Screenshot(13).png,1027.478913,559.6200165,1123.928838,631.6199615,hard_flesh
Screenshot(13).png,836.01881,625.8600494,897.9194002,651.7799835,hard_flesh
Screenshot(20).png,1112.412393,360.8999725,1149.840675,383.9400055,foreign_matter
Screenshot(20).png,265.9569214,854.8199615,300.5060918,874.9799835,foreign_matter
Screenshot(20).png,274.5942003,987.3000275,306.2643144,1007.460049,foreign_matter
Screenshot(20).png,228.5285848,948.4199615,267.3964496,968.5799835,foreign_matter
Screenshot(20).png,1352.817223,386.8200165,1375.850113,415.6200165,foreign_matter
Screenshot(20).png,1106.654171,254.3400055,1151.280203,274.4999725,foreign_matter
Screenshot(19).png,1090.819141,360.8999725,1129.686951,385.3799835,foreign_matter
Screenshot(21).png,867.6888692,558.1799835,902.2380945,581.2200165,foreign_matter
Screenshot(21).png,1056.269916,355.1400055,1090.819141,376.7400055,foreign_matter
Screenshot(21).png,1444.948454,313.3799835,1482.376845,339.2999725,foreign_matter
Screenshot(21).png,1516.925961,300.4200165,1547.156601,319.1400055,foreign_matter
Screenshot(21).png,1669.518363,579.7799835,1731.419063,637.3799835,hard_flesh
Screenshot(21).png,314.9015933,939.7799835,345.1321792,958.5000275,foreign_matter
Screenshot(21).png,343.6925961,1029.060049,381.1209327,1047.779984,foreign_matter
Screenshot(18).png,496.2849439,489.0599945,525.0758918,513.5400055,foreign_matter
Screenshot(18).png,618.6466509,823.1400055,643.1190692,843.3000275,foreign_matter
Screenshot(18).png,776.9971664,667.6199615,810.1068636,697.8600494,foreign_matter
Screenshot(18).png,1083.62139,172.2599945,1116.731087,199.6200165,foreign_matter
Screenshot(18).png,915.1940678,957.0600494,958.380572,980.1000275,foreign_matter
Screenshot(18).png,844.6560889,471.7799835,869.1283974,490.4999725,foreign_matter
Screenshot(22).png,497.7244721,620.0999725,519.3177242,643.1400055,foreign_matter
Screenshot(22).png,1149.840675,766.9799835,1188.708594,805.8600494,foreign_matter
Screenshot(22).png,1169.994399,833.2199615,1239.092849,849.0600494,foreign_matter
Screenshot(22).png,974.2156016,890.8199615,1013.083411,906.6600494,foreign_matter
Screenshot(22).png,1313.949413,437.2200165,1345.619472,464.5799835,foreign_matter
Screenshot(22).png,1152.719841,268.7400055,1184.3899,294.6599945,foreign_matter
Screenshot(22).png,1105.214642,130.5,1136.884702,156.419989,foreign_matter
Screenshot(22).png,1419.036617,221.2200165,1444.948454,238.4999725,foreign_matter
Screenshot(25).png,1489.574596,473.2200165,1518.365599,496.2599945,foreign_matter
Screenshot(25).png,1398.882893,203.9400055,1423.355201,228.4200165,foreign_matter
Screenshot(25).png,1285.15841,525.0599945,1302.432968,542.3400055,foreign_matter
Screenshot(24).png,365.2858482,548.0999725,404.153713,572.5799835,foreign_matter
Screenshot(24).png,1585.304592,212.9400055,1629.930735,248.4,foreign_matter
Screenshot(27).png,931.0290974,540.8999725,954.0618776,574.0200165,foreign_matter
Screenshot(27).png,1099.45642,504.8999725,1128.247423,523.6200165,foreign_matter
Screenshot(27).png,1040.434886,862.0199615,1066.346833,879.3000275,foreign_matter
Screenshot(27).png,324.9784552,751.1400055,346.5717073,772.7400055,foreign_matter
Screenshot(27).png,248.6823088,716.5799835,310.5829538,739.6199615,foreign_matter
Screenshot(27).png,169.507051,451.6200165,215.5726665,476.0999725,foreign_matter
Screenshot(26).png,552.4273664,790.0199615,582.6578974,811.6199615,foreign_matter
Screenshot(26).png,1463.662649,290.3400055,1482.376845,310.4999725,foreign_matter
Screenshot(26).png,1086.500447,339.2999725,1113.851921,359.4599945,foreign_matter
Screenshot(26).png,1250.969094,519.6599945,1297.034655,545.4,foreign_matter
Screenshot(26).png,1596.101218,608.5799835,1619.134108,633.0600494,foreign_matter
Screenshot(23).png,558.185589,504.8999725,584.0975354,526.4999725,foreign_matter
Screenshot(23).png,977.0946579,291.7799835,1003.006604,319.1400055,foreign_matter
Screenshot(23).png,1570.189272,206.8200165,1596.101218,237.0599945,foreign_matter
Screenshot(23).png,817.3046143,516.4200165,850.4143114,546.6599945,foreign_matter
Screenshot(23).png,1098.016892,599.9400055,1172.873455,622.9799835,foreign_matter
Screenshot(23).png,1282.279354,559.6200165,1302.432968,584.0999725,foreign_matter
Screenshot(23).png,848.9746734,317.6999725,900.7985664,349.3799835,foreign_matter
Screenshot(23).png,1774.605568,273.0599945,1810.594321,303.2999725,foreign_matter
Screenshot(23).png,1624.892221,182.3400055,1663.760031,205.3799835,foreign_matter
Screenshot(32).png,404.153713,648.9000275,428.6260763,677.7000275,foreign_matter
Screenshot(32).png,62.98031865,421.3799835,93.21090455,444.4200165,foreign_matter
Screenshot(32).png,157.9906609,607.1400055,191.1003031,640.2600494,foreign_matter
Screenshot(32).png,1719.902618,641.7000275,1737.177176,663.3000275,foreign_matter
Screenshot(32).png,1501.091041,764.1000275,1532.7611,788.5799835,foreign_matter
Screenshot(32).png,310.5829538,412.7400055,327.8575665,428.5799835,foreign_matter
Screenshot(32).png,1371.531418,234.1799835,1414.717923,254.3400055,foreign_matter
Screenshot(32).png,1397.443365,286.0200165,1420.476145,298.9799835,foreign_matter
Screenshot(32).png,1234.774155,919.6199615,1288.037466,949.8600494,foreign_matter
Screenshot(32).png,601.3720932,689.2199615,634.4817904,705.0600494,foreign_matter
Screenshot(30).png,893.6008157,455.9400055,961.2596283,484.7400055,foreign_matter
Screenshot(30).png,889.2821213,226.9799835,919.5126523,252.8999725,foreign_matter
Screenshot(30).png,765.4808312,261.5400055,792.8323058,287.4599945,foreign_matter
Screenshot(30).png,729.4920777,235.6200165,752.524858,257.2200165,foreign_matter
Screenshot(30).png,869.1283974,303.2999725,897.9194002,330.6599945,foreign_matter
Screenshot(30).png,1488.134958,237.0599945,1524.123711,257.2200165,foreign_matter
Screenshot(30).png,1204.543624,867.7799835,1227.576404,892.2600494,foreign_matter
Screenshot(30).png,1050.511693,722.3400055,1083.62139,755.4600494,foreign_matter
Screenshot(30).png,1429.113424,287.4599945,1459.343955,309.0599945,foreign_matter
Screenshot(30).png,853.2933678,1024.740005,896.479872,1046.340005,foreign_matter
Screenshot(31).png,155.1115496,617.2200165,191.1003031,643.1400055,foreign_matter
Screenshot(31).png,401.2746017,651.7799835,431.5051876,680.5799835,foreign_matter
Screenshot(31).png,936.7873199,594.1799835,961.2596283,611.4599945,foreign_matter
Screenshot(31).png,1370.09189,237.0599945,1408.9597,255.7799835,foreign_matter
Screenshot(31).png,995.8088537,280.2599945,1059.149082,294.6599945,foreign_matter
Screenshot(31).png,1502.530459,766.9799835,1527.002768,784.2600494,foreign_matter
Screenshot(28).png,1079.302696,500.5799835,1116.731087,535.1400055,foreign_matter
Screenshot(28).png,864.8098129,759.7799835,896.479872,781.3799835,foreign_matter
Screenshot(28).png,490.5267214,890.8199615,516.4386129,918.1799835,foreign_matter
Screenshot(28).png,902.2380945,594.1799835,922.3918185,615.7799835,foreign_matter
Screenshot(28).png,994.3693255,624.4199615,1014.52294,641.7000275,foreign_matter
Screenshot(28).png,1027.478913,578.3400055,1050.511693,599.9400055,foreign_matter
Screenshot(28).png,443.0215777,696.4199615,470.3729975,720.9000275,foreign_matter
Screenshot(28).png,1044.75358,226.9799835,1083.62139,254.3400055,foreign_matter
Screenshot(28).png,1145.52209,222.6599945,1167.115342,247.1400055,foreign_matter
Screenshot(28).png,1200.22493,316.2599945,1236.213683,343.6200165,foreign_matter
Screenshot(28).png,1437.750703,250.0200165,1460.783593,268.7400055,foreign_matter
Screenshot(28).png,1229.015933,226.9799835,1256.367407,245.6999725,foreign_matter
Screenshot(28).png,1604.738607,237.0599945,1627.771278,254.3400055,foreign_matter
Screenshot(28).png,522.1968355,444.4200165,550.9878383,461.6999725,foreign_matter
Screenshot(29).png,1243.411434,490.4999725,1270.762909,514.9799835,foreign_matter
Screenshot(29).png,1355.696389,484.7400055,1390.245614,509.2200165,foreign_matter
Screenshot(29).png,1334.103137,673.3799835,1354.256861,693.5400055,foreign_matter
Screenshot(29).png,987.1715748,687.7799835,1023.160328,725.2199615,foreign_matter
Screenshot(29).png,1397.443365,178.0200165,1434.871647,202.4999725,foreign_matter
Screenshot(29).png,1282.279354,261.5400055,1309.630718,287.4599945,foreign_matter
Screenshot(29).png,309.1434256,712.2600494,339.3739566,733.8600494,foreign_matter
Screenshot(36).png,638.8003749,782.8199615,664.7123213,801.5400055,foreign_matter
Screenshot(36).png,1285.15841,627.3000275,1309.630718,647.4600494,foreign_matter
Screenshot(36).png,825.9418932,235.6200165,856.1724241,252.8999725,foreign_matter
Screenshot(36).png,1155.598897,589.8599945,1188.708594,610.0200165,foreign_matter
Screenshot(36).png,648.8772918,617.2200165,693.5033242,634.5000275,foreign_matter
Screenshot(36).png,548.1087819,738.1799835,574.0206186,755.4600494,foreign_matter
Screenshot(36).png,1408.9597,653.2199615,1449.267148,671.9400055,foreign_matter
Screenshot(36).png,1542.837907,474.6599945,1584.584773,506.3400055,foreign_matter
Screenshot(34).png,660.393627,399.7799835,687.7451016,418.4999725,foreign_matter
Screenshot(34).png,939.6663762,555.2999725,961.2596283,575.4599945,foreign_matter
Screenshot(34).png,301.9456749,899.4600494,324.9784552,921.0600494,foreign_matter
Screenshot(34).png,962.6991565,1060.740005,990.0506312,1079.460049,foreign_matter
Screenshot(33).png,676.2286566,404.0999725,700.7010749,419.9400055,foreign_matter
Screenshot(33).png,912.3149016,558.1799835,936.7873199,578.3400055,foreign_matter
Screenshot(33).png,1308.19119,851.9400055,1338.421721,873.5400055,foreign_matter
Screenshot(33).png,1224.697348,559.6200165,1280.839716,578.3400055,foreign_matter
Screenshot(33).png,1773.16593,214.0200165,1789.001069,231.2999725,foreign_matter
Screenshot(33).png,303.3852031,898.0199615,324.9784552,926.8199615,foreign_matter
Screenshot(33).png,1646.485473,329.2200165,1665.199669,353.6999725,foreign_matter
Screenshot(37).png,514.9990848,481.8599945,569.702034,503.4599945,foreign_matter
Screenshot(37).png,640.2399031,781.3799835,669.0309059,808.7400055,foreign_matter
Screenshot(37).png,1282.279354,628.7400055,1311.070356,653.2199615,foreign_matter
Screenshot(37).png,1416.157451,490.4999725,1452.146204,514.9799835,foreign_matter
Screenshot(37).png,1325.465858,369.5400055,1368.652362,394.0200165,foreign_matter
Screenshot(35).png,658.9540988,398.3400055,687.7451016,419.9400055,foreign_matter
Screenshot(35).png,42.82662217,720.9000275,71.61765244,745.3799835,foreign_matter
Screenshot(38).png,110.4854623,491.9400055,137.8369369,512.0999725,foreign_matter
Screenshot(38).png,217.0121947,964.2600494,241.484558,981.5400055,foreign_matter
Screenshot(38).png,935.3476819,165.0599945,958.380572,183.7799835,foreign_matter
Screenshot(38).png,733.8106622,349.3799835,778.4368044,373.8599945,foreign_matter
Screenshot(38).png,838.8978664,396.8999725,870.5679256,427.1400055,foreign_matter
Screenshot(42).png,874.8866199,565.3799835,905.1171509,588.4200165,foreign_matter
Screenshot(42).png,925.2708748,810.1799835,952.6223495,827.4600494,foreign_matter
Screenshot(42).png,447.3402172,951.3000275,487.6476101,971.4600494,foreign_matter
Screenshot(42).png,548.1087819,406.9799835,568.262396,424.2599945,foreign_matter
Screenshot(42).png,1257.806935,205.3799835,1289.477104,226.9799835,foreign_matter
Screenshot(42).png,1413.278394,370.9799835,1437.750703,388.2599945,foreign_matter
Screenshot(42).png,1072.104945,104.5799835,1157.038425,159.3,hard_flesh
Screenshot(42).png,1537.079794,712.2600494,1558.673047,739.6199615,foreign_matter
Screenshot(42).png,1541.398269,764.1000275,1560.112465,779.9400055,foreign_matter
Screenshot(42).png,611.4489002,254.3400055,633.0421524,273.0599945,foreign_matter
Screenshot(41).png,248.6823088,396.8999725,267.3964496,422.8200165,foreign_matter
Screenshot(41).png,804.348641,984.4199615,830.2605875,1003.140005,foreign_matter
Screenshot(41).png,1197.345873,445.8599945,1231.895099,471.7799835,foreign_matter
Screenshot(39).png,1108.093699,696.4199615,1135.445173,720.9000275,foreign_matter
Screenshot(39).png,1401.761949,278.8200165,1433.432118,297.5400055,foreign_matter
Screenshot(39).png,1575.947604,261.5400055,1597.540856,287.4599945,foreign_matter
Screenshot(39).png,1535.640156,538.0200165,1570.189272,559.6200165,foreign_matter
Screenshot(39).png,1303.872606,548.0999725,1335.542665,574.0200165,foreign_matter
Screenshot(39).png,1044.75358,584.0999725,1083.62139,598.4999725,foreign_matter
Screenshot(39).png,487.6476101,268.7400055,523.6363636,294.6599945,foreign_matter
Screenshot(39).png,1374.410475,244.2599945,1408.9597,268.7400055,foreign_matter
Screenshot(40).png,248.6823088,404.0999725,267.3964496,419.9400055,foreign_matter
Screenshot(40).png,264.5173383,815.9400055,291.868813,833.2199615,foreign_matter
Screenshot(40).png,805.7881692,980.1000275,824.502365,1001.700027,foreign_matter
Screenshot(46).png,1177.192149,856.2600494,1198.785402,874.9799835,foreign_matter
Screenshot(46).png,1046.193109,1031.940005,1066.346833,1050.660049,foreign_matter
Screenshot(46).png,281.791951,679.1400055,301.9456749,693.5400055,foreign_matter
Screenshot(46).png,489.0871932,304.7400055,516.4386129,319.1400055,foreign_matter
Screenshot(46).png,443.0215777,334.9799835,470.3729975,347.9400055,foreign_matter
Screenshot(46).png,1592.862362,198.5400055,1643.246617,221.5799835,foreign_matter
Screenshot(43).png,355.2089862,502.0200165,398.3954904,527.9400055,foreign_matter
Screenshot(43).png,879.2053143,566.8200165,899.3589284,588.4200165,foreign_matter
Screenshot(43).png,931.0290974,814.5000275,948.3036551,830.3400055,foreign_matter
Screenshot(43).png,1414.717923,369.5400055,1439.190231,396.8999725,foreign_matter
Screenshot(43).png,1394.564199,244.2599945,1416.157451,261.5400055,foreign_matter
Screenshot(43).png,1542.837907,718.0199615,1560.112465,741.0600494,foreign_matter
Screenshot(47).png,356.6485693,690.6600494,383.999989,709.3799835,foreign_matter
Screenshot(47).png,1303.872606,838.9799835,1331.223971,864.9000275,foreign_matter
Screenshot(47).png,1675.276476,975.7799835,1708.386173,993.0600494,foreign_matter
Screenshot(47).png,1070.665417,1030.500027,1090.819141,1044.900027,foreign_matter
Screenshot(47).png,919.5126523,879.3000275,954.0618776,895.1400055,foreign_matter
Screenshot(47).png,156.5510778,1026.179984,191.1003031,1043.460049,foreign_matter
Screenshot(47).png,794.271834,510.6599945,844.6560889,536.5799835,foreign_matter
Screenshot(47).png,1121.049672,388.2599945,1142.642924,409.8599945,foreign_matter
Screenshot(44).png,1083.62139,620.0999725,1108.093699,631.6199615,foreign_matter
Screenshot(44).png,630.163096,468.8999725,661.8331552,499.1400055,foreign_matter
Screenshot(44).png,1341.300887,225.5400055,1367.212724,239.9400055,foreign_matter
Screenshot(45).png,421.4283256,509.2200165,444.4611059,530.8200165,foreign_matter
Screenshot(45).png,1059.149082,133.3799835,1087.940085,157.8599945,foreign_matter
Screenshot(45).png,1547.156601,183.7799835,1574.507966,205.3799835,foreign_matter
Screenshot(45).png,1444.948454,713.7000275,1479.497789,732.4199615,foreign_matter
Screenshot(45).png,1031.797607,1033.379984,1069.225889,1049.219962,foreign_matter
Screenshot(45).png,253.0009482,958.5000275,271.715089,984.4199615,foreign_matter
Screenshot(45).png,409.9119355,581.2200165,444.4611059,599.9400055,foreign_matter
Screenshot(45).png,169.507051,631.6199615,192.5398313,654.6600494,foreign_matter
Screenshot(51).png,483.3289707,694.9799835,502.0431115,716.5799835,foreign_matter
Screenshot(51).png,841.7769227,1031.940005,877.7656763,1056.419962,foreign_matter
Screenshot(51).png,1433.432118,805.8600494,1460.783593,834.6600494,foreign_matter
Screenshot(51).png,1672.39742,811.6199615,1695.43031,831.7799835,foreign_matter
Screenshot(51).png,615.7675946,654.6600494,644.5585974,679.1400055,foreign_matter
Screenshot(51).png,693.5033242,689.2199615,761.1621368,707.9400055,foreign_matter
Screenshot(51).png,419.9887425,620.0999725,453.0984397,644.5799835,foreign_matter
Screenshot(48).png,1028.918441,970.0199615,1125.368366,1029.060049,foreign_matter
Screenshot(48).png,0,581.2200165,60.10123484,628.7400055,foreign_matter
Screenshot(48).png,684.8660453,297.5400055,710.7778819,322.0200165,foreign_matter
Screenshot(48).png,634.4817904,278.8200165,657.5145706,304.7400055,foreign_matter
Screenshot(48).png,667.5913777,355.1400055,687.7451016,373.8599945,foreign_matter
Screenshot(48).png,293.3083411,271.6200165,335.0553172,290.3400055,foreign_matter
Screenshot(48).png,415.6701031,484.7400055,448.7797453,514.9799835,foreign_matter
Screenshot(48).png,228.5285848,427.1400055,261.6382271,461.6999725,foreign_matter
Screenshot(48).png,660.393627,185.2200165,700.7010749,202.4999725,foreign_matter
Screenshot(48).png,811.5463918,517.8599945,853.2933678,562.4999725,foreign_matter
Screenshot(49).png,509.2408622,494.8200165,555.3065326,514.9799835,foreign_matter
Screenshot(49).png,1444.948454,447.2999725,1472.300038,466.0200165,foreign_matter
Screenshot(49).png,1462.223011,771.3000275,1492.453652,805.8600494,foreign_matter
Screenshot(49).png,385.4395721,1040.579984,405.5932411,1057.860049,foreign_matter
Screenshot(49).png,532.2736425,975.7799835,545.2296157,997.3799835,foreign_matter
Screenshot(49).png,1165.675704,1024.740005,1188.708594,1043.460049,foreign_matter
Screenshot(49).png,1407.520172,975.7799835,1496.772347,997.3799835,foreign_matter
Screenshot(49).png,956.940934,811.6199615,987.1715748,837.5400055,foreign_matter
Screenshot(52).png,602.8116214,444.4200165,627.2840397,474.6599945,foreign_matter
Screenshot(52).png,1047.632637,729.5400055,1077.863168,751.1400055,foreign_matter
Screenshot(52).png,625.8444017,555.2999725,694.9428523,598.4999725,foreign_matter
Screenshot(52).png,1407.520172,255.6,1443.508925,273.0599945,foreign_matter
Screenshot(52).png,710.7778819,591.2999725,738.1293565,615.7799835,foreign_matter
Screenshot(52).png,647.4376538,442.9799835,673.3496002,463.1400055,foreign_matter
Screenshot(52).png,1554.354352,552.4200165,1583.145355,575.4599945,foreign_matter
Screenshot(52).png,667.5913777,470.3400055,686.3055735,491.9400055,foreign_matter
Screenshot(52).png,1034.676664,126.1799835,1066.346833,154.9799835,foreign_matter
Screenshot(50).png,340.8134848,556.7400055,360.9672087,585.5400055,foreign_matter
Screenshot(50).png,44.26617781,599.9400055,78.81540315,615.7799835,foreign_matter
Screenshot(50).png,110.4854623,575.4599945,147.9137989,602.8200165,foreign_matter
Screenshot(50).png,379.6813496,1037.700027,409.9119355,1060.740005,foreign_matter
Screenshot(50).png,530.8341143,978.6600494,552.4273664,1000.260049,foreign_matter
Screenshot(50).png,1165.675704,1026.179984,1187.268956,1044.900027,foreign_matter
Screenshot(50).png,958.380572,815.9400055,990.0506312,833.2199615,foreign_matter
Screenshot(50).png,1455.025261,778.5000275,1493.89329,805.8600494,foreign_matter
Screenshot(50).png,1681.034808,172.2599945,1704.067479,190.9799835,foreign_matter
Screenshot(50).png,1447.82751,448.7400055,1472.300038,467.4599945,foreign_matter
Screenshot(50).png,1692.551034,237.0599945,1715.583924,251.4599945,foreign_matter
Screenshot(50).png,1525.563349,476.0999725,1548.59602,496.2599945,foreign_matter
Screenshot(55).png,1056.269916,730.9799835,1079.302696,749.7000275,foreign_matter
Screenshot(55).png,1397.443365,250.0200165,1442.069397,274.4999725,foreign_matter
Screenshot(57).png,1054.830387,762.6600494,1082.181862,787.1400055,foreign_matter
Screenshot(57).png,880.6448424,399.7799835,902.2380945,412.7400055,foreign_matter
Screenshot(57).png,781.3158608,398.3400055,804.348641,414.1799835,foreign_matter
Screenshot(57).png,1112.412393,231.2999725,1141.203396,247.1400055,foreign_matter
Screenshot(57).png,1309.630718,481.8599945,1352.817223,502.0200165,foreign_matter
Screenshot(57).png,965.5783227,484.7400055,1050.511693,503.4599945,foreign_matter
Screenshot(54).png,602.8116214,447.2999725,625.8444017,466.0200165,foreign_matter
Screenshot(54).png,716.5361044,592.7400055,730.9316058,618.6599945,foreign_matter
Screenshot(54).png,1050.511693,725.2199615,1077.863168,749.7000275,foreign_matter
Screenshot(56).png,1053.390859,766.9799835,1076.42364,782.8199615,foreign_matter
Screenshot(56).png,962.6991565,486.1799835,1049.072165,504.8999725,foreign_matter
Screenshot(56).png,882.0843706,395.4599945,900.7985664,419.9400055,foreign_matter
Screenshot(56).png,1109.533337,234.1799835,1141.203396,248.5799835,foreign_matter
Screenshot(56).png,1748.693621,412.7400055,1774.605568,437.2200165,foreign_matter
Screenshot(53).png,601.3720932,448.7400055,625.8444017,471.7799835,foreign_matter
Screenshot(53).png,707.8988256,595.6200165,735.2503002,614.3400055,foreign_matter
Screenshot(53).png,1053.390859,732.4199615,1077.863168,746.8199615,foreign_matter
Screenshot(53).png,1116.731087,633.0600494,1139.763868,654.6600494,foreign_matter
Screenshot(53).png,1400.322421,245.6999725,1442.069397,280.2599945,foreign_matter
Screenshot(53).png,1262.12563,212.5799835,1282.279354,231.2999725,foreign_matter
Screenshot(53).png,1030.358079,129.0599945,1069.225889,154.9799835,foreign_matter
Screenshot(53).png,8.277424291,576.8999725,45.70573344,612.8999725,foreign_matter
Screenshot(53).png,761.1621368,179.4599945,781.3158608,190.9799835,foreign_matter
Screenshot(58).png,1050.511693,766.9799835,1085.060918,782.8199615,foreign_matter
Screenshot(58).png,1760.210066,405.5400055,1784.682375,422.8200165,foreign_matter
Screenshot(58).png,1106.654171,226.9799835,1141.203396,248.5799835,foreign_matter
Screenshot(58).png,900.7985664,412.7400055,919.5126523,422.8200165,foreign_matter
Screenshot(62).png,434.3842439,774.1799835,455.977496,802.9799835,foreign_matter
Screenshot(62).png,553.8668946,919.6199615,576.8997847,946.9799835,foreign_matter
Screenshot(62).png,137.8369369,1043.460049,163.7488285,1070.819962,foreign_matter
Screenshot(62).png,873.4470917,506.3400055,900.7985664,530.8200165,foreign_matter
Screenshot(62).png,825.9418932,637.3799835,848.9746734,657.5400055,foreign_matter
Screenshot(62).png,77.37582006,598.4999725,98.96907216,622.9799835,foreign_matter
Screenshot(60).png,431.5051876,781.3799835,460.2961904,800.1000275,foreign_matter
Screenshot(60).png,553.8668946,925.3799835,574.0206186,944.1000275,foreign_matter
Screenshot(60).png,683.4264073,804.4199615,707.8988256,818.8199615,foreign_matter
Screenshot(60).png,860.4911185,510.6599945,887.8425931,533.6999725,foreign_matter
Screenshot(60).png,1372.970947,657.5400055,1429.113424,682.0199615,foreign_matter
Screenshot(60).png,140.7160482,1049.219962,170.9465792,1070.819962,foreign_matter
Screenshot(60).png,1452.146204,648.9000275,1472.300038,666.1799835,foreign_matter
Screenshot(61).png,1384.487392,658.9799835,1431.99248,674.8199615,foreign_matter
Screenshot(61).png,830.2605875,643.1400055,859.0515903,658.9799835,foreign_matter
Screenshot(61).png,877.7656763,506.3400055,896.479872,523.6200165,foreign_matter
Screenshot(61).png,431.5051876,779.9400055,455.977496,804.4199615,foreign_matter
Screenshot(61).png,552.4273664,925.3799835,581.2183693,945.5400055,foreign_matter
Screenshot(61).png,74.49670879,602.8200165,98.96907216,621.5400055,foreign_matter
Screenshot(61).png,106.1668229,512.0999725,123.4414355,536.5799835,foreign_matter
Screenshot(61).png,1450.706786,647.4600494,1469.420762,666.1799835,foreign_matter
Screenshot(61).png,657.5145706,828.9000275,713.6570481,841.8600494,foreign_matter
Screenshot(61).png,136.3974088,1049.219962,173.8256905,1073.700027,foreign_matter
Screenshot(59).png,866.249341,512.0999725,887.8425931,529.3799835,foreign_matter
Screenshot(59).png,556.7460608,925.3799835,578.3393129,945.5400055,foreign_matter
Screenshot(59).png,1381.608225,660.4199615,1431.99248,679.1400055,foreign_matter
Screenshot(59).png,1446.388092,643.1400055,1467.981344,664.7400055,foreign_matter
Screenshot(59).png,1295.235217,198.1799835,1321.147163,215.4599945,foreign_matter
Screenshot(59).png,1031.797607,212.5799835,1090.819141,232.7400055,foreign_matter
Screenshot(59).png,1731.419063,382.4999725,1763.089123,395.4599945,foreign_matter
Screenshot(59).png,1283.718882,154.9799835,1341.300887,172.2599945,foreign_matter
Screenshot(59).png,430.0656045,777.0600494,454.5379679,804.4199615,foreign_matter
Screenshot(65).png,1106.654171,614.3400055,1135.445173,644.5799835,foreign_matter
Screenshot(65).png,1598.980275,552.4200165,1622.013165,576.8999725,foreign_matter
Screenshot(65).png,1289.477104,584.0999725,1321.147163,607.1400055,foreign_matter
Screenshot(65).png,1227.576404,561.0599945,1273.641965,581.2200165,foreign_matter
Screenshot(65).png,484.7684989,1053.540005,517.878196,1067.940005,foreign_matter
Screenshot(65).png,1642.166779,582.6599945,1658.001918,599.9400055,foreign_matter
Screenshot(65).png,98.96907216,631.6199615,155.1115496,667.6199615,foreign_matter
Screenshot(65).png,19.79381443,330.6599945,47.14526161,349.3799835,foreign_matter
Screenshot(67).png,1280.839716,585.5400055,1318.268107,608.5799835,foreign_matter
Screenshot(67).png,1063.467666,229.8599945,1096.577364,254.3400055,foreign_matter
Screenshot(67).png,1374.410475,173.6999725,1397.443365,190.9799835,foreign_matter
Screenshot(67).png,1478.058151,509.2200165,1499.651403,532.2599945,foreign_matter
Screenshot(66).png,1102.335586,617.2200165,1138.32434,641.7000275,foreign_matter
Screenshot(66).png,260.1986989,326.3400055,283.2314792,342.1799835,foreign_matter
Screenshot(63).png,438.7029383,778.5000275,454.5379679,800.1000275,foreign_matter
Screenshot(63).png,77.37582006,601.3799835,104.7272947,622.9799835,foreign_matter
Screenshot(63).png,1289.477104,199.6200165,1315.388941,212.5799835,foreign_matter
Screenshot(63).png,1852.341187,502.0200165,1879.692552,522.1799835,foreign_matter
Screenshot(64).png,558.185589,546.6599945,602.8116214,581.2200165,foreign_matter
Screenshot(64).png,1115.291449,618.6599945,1135.445173,643.1400055,foreign_matter
Screenshot(64).png,1288.037466,585.5400055,1325.465858,612.8999725,foreign_matter
Screenshot(64).png,1480.937207,510.6599945,1498.211765,527.9400055,foreign_matter
Screenshot(64).png,489.0871932,1046.340005,510.6804453,1073.700027,foreign_matter
Screenshot(64).png,1610.49672,201.0599945,1672.39742,225.5400055,foreign_matter
Screenshot(72).png,1292.356161,261.5400055,1312.509885,284.5799835,foreign_matter
Screenshot(72).png,1396.003727,543.7799835,1439.190231,568.2599945,foreign_matter
Screenshot(72).png,1443.508925,792.9000275,1463.662649,817.3799835,foreign_matter
Screenshot(72).png,276.0337285,381.0599945,303.3852031,401.2200165,foreign_matter
Screenshot(72).png,936.7873199,281.6999725,952.6223495,310.4999725,foreign_matter
Screenshot(72).png,352.3299299,922.5000275,378.2418214,954.1799835,foreign_matter
Screenshot(68).png,769.7994157,324.8999725,830.2605875,339.2999725,foreign_matter
Screenshot(71).png,1198.785402,265.8599945,1257.806935,309.0599945,hard_flesh
Screenshot(73).png,1256.367407,198.1799835,1275.081603,221.2200165,foreign_matter
Screenshot(73).png,929.5895692,283.1400055,959.8201002,307.6200165,foreign_matter
Screenshot(73).png,791.3926678,489.0599945,840.3373946,516.4200165,foreign_matter
Screenshot(73).png,353.769458,929.7000275,375.3627101,951.3000275,foreign_matter
Screenshot(73).png,1236.213683,790.0199615,1254.927879,810.1799835,foreign_matter
Screenshot(73).png,1443.508925,795.7799835,1470.8604,824.5799835,foreign_matter
Screenshot(73).png,1290.916632,262.9799835,1313.949413,283.1400055,foreign_matter
Screenshot(73).png,1400.322421,548.0999725,1431.99248,568.2599945,foreign_matter
Screenshot(69).png,1154.159369,476.0999725,1260.686102,556.7400055,hard_flesh
